txn_id,txn_date,cust_id,amount,branch,region,payment_type
TXN0001,2025-10-01,C0001,18780,Branch-C,East,Cash
TXN0002,2025-10-15,C0002,3293,Branch-D,West,Card
TXN0003,2025-10-04,C0003,15543,Branch-C,East,Card
TXN0004,2025-10-15,C0004,91749,Branch-D,West,NetBanking
TXN0005,2025-10-04,C0005,90212,Branch-A,South,Card
TXN0006,2025-10-02,C0006,34765,Branch-A,South,Cash
TXN0007,2025-10-03,C0007,52588,Branch-D,West,NetBanking
TXN0008,2025-10-26,C0008,78851,Branch-B,North,UPI
TXN0009,2025-10-05,C0009,63295,Branch-D,West,NetBanking
TXN0010,2025-10-27,C0010,49826,Branch-B,North,UPI
TXN0011,2025-10-17,C0011,35601,Branch-A,South,NetBanking
TXN0012,2025-10-08,C0012,59525,Branch-C,East,Cash
TXN0013,2025-10-15,C0013,62432,Branch-D,West,NetBanking
TXN0014,2025-10-04,C0014,19505,Branch-D,West,Cash
TXN0015,2025-10-02,C0015,91497,Branch-D,West,UPI
TXN0016,2025-10-02,C0016,22507,Branch-C,East,NetBanking
TXN0017,2025-10-29,C0017,31541,Branch-B,North,Cash
TXN0018,2025-10-10,C0018,82260,Branch-C,East,Card
TXN0019,2025-10-23,C0019,80367,Branch-D,West,NetBanking
TXN0020,2025-10-11,C0020,6104,Branch-C,East,Card
TXN0021,2025-10-10,C0021,20703,Branch-C,East,NetBanking
TXN0022,2025-10-03,C0022,20654,Branch-A,South,Card
TXN0023,2025-10-10,C0023,58668,Branch-C,East,NetBanking
TXN0024,2025-10-24,C0024,91223,Branch-C,East,NetBanking
TXN0025,2025-10-13,C0025,54003,Branch-A,South,UPI
TXN0026,2025-10-15,C0026,76050,Branch-D,West,Card
TXN0027,2025-10-31,C0027,25076,Branch-B,North,NetBanking
TXN0028,2025-10-18,C0028,40067,Branch-B,North,UPI
TXN0029,2025-10-16,C0029,87808,Branch-D,West,Cash
TXN0030,2025-10-29,C0030,52369,Branch-C,East,UPI
TXN0031,2025-10-07,C0031,4498,Branch-D,West,UPI
TXN0032,2025-10-12,C0032,89466,Branch-C,East,Card
TXN0033,2025-10-20,C0033,78849,Branch-B,North,NetBanking
TXN0034,2025-10-03,C0034,92977,Branch-C,East,UPI
TXN0035,2025-10-21,C0035,58952,Branch-B,North,NetBanking
TXN0036,2025-10-22,C0036,13818,Branch-D,West,UPI
TXN0037,2025-10-30,C0037,46900,Branch-A,South,UPI
TXN0038,2025-10-23,C0038,41977,Branch-D,West,Card
TXN0039,2025-10-27,C0039,57516,Branch-C,East,UPI
TXN0040,2025-10-01,C0040,6286,Branch-A,South,Card
TXN0041,2025-10-22,C0041,36248,Branch-D,West,UPI
TXN0042,2025-10-31,C0042,30691,Branch-C,East,UPI
TXN0043,2025-10-24,C0043,62629,Branch-A,South,NetBanking
TXN0044,2025-10-05,C0044,60827,Branch-D,West,UPI
TXN0045,2025-10-25,C0045,23361,Branch-B,North,UPI
TXN0046,2025-10-18,C0046,95816,Branch-A,South,NetBanking
TXN0047,2025-10-19,C0047,2667,Branch-A,South,UPI
TXN0048,2025-10-27,C0048,78379,Branch-B,North,UPI
TXN0049,2025-10-23,C0049,15566,Branch-D,West,Cash
TXN0050,2025-10-19,C0050,10100,Branch-C,East,NetBanking
TXN0051,2025-10-18,C0051,11112,Branch-D,West,NetBanking
TXN0052,2025-10-31,C0052,85814,Branch-D,West,Card
TXN0053,2025-10-25,C0053,67182,Branch-B,North,UPI
TXN0054,2025-10-25,C0054,28569,Branch-D,West,Card
TXN0055,2025-10-02,C0055,85860,Branch-D,West,UPI
TXN0056,2025-10-01,C0056,26044,Branch-A,South,NetBanking
TXN0057,2025-10-08,C0057,74809,Branch-A,South,UPI
TXN0058,2025-10-19,C0058,86145,Branch-D,West,NetBanking
TXN0059,2025-10-03,C0059,33600,Branch-C,East,UPI
TXN0060,2025-10-26,C0060,58455,Branch-A,South,NetBanking
TXN0061,2025-10-27,C0061,59417,Branch-A,South,Cash
TXN0062,2025-10-28,C0062,91547,Branch-B,North,Card
TXN0063,2025-10-20,C0063,8927,Branch-D,West,UPI
TXN0064,2025-10-25,C0064,75601,Branch-B,North,NetBanking
TXN0065,2025-10-08,C0065,7190,Branch-A,South,NetBanking
TXN0066,2025-10-19,C0066,12817,Branch-A,South,UPI
TXN0067,2025-10-01,C0067,83783,Branch-C,East,Cash
TXN0068,2025-10-19,C0068,69676,Branch-B,North,NetBanking
TXN0069,2025-10-17,C0069,26973,Branch-D,West,UPI
TXN0070,2025-10-18,C0070,62170,Branch-A,South,UPI
TXN0071,2025-10-19,C0071,8511,Branch-A,South,Card
TXN0072,2025-10-16,C0072,34600,Branch-C,East,Card
TXN0073,2025-10-31,C0073,68065,Branch-A,South,UPI
TXN0074,2025-10-05,C0074,15779,Branch-B,North,Card
TXN0075,2025-10-24,C0075,98562,Branch-B,North,UPI
TXN0076,2025-10-31,C0076,20838,Branch-C,East,UPI
TXN0077,2025-10-16,C0077,40047,Branch-D,West,UPI
TXN0078,2025-10-10,C0078,8455,Branch-C,East,UPI
TXN0079,2025-10-18,C0079,48708,Branch-C,East,NetBanking
TXN0080,2025-10-14,C0080,66887,Branch-A,South,UPI
TXN0081,2025-10-24,C0081,17190,Branch-D,West,Cash
TXN0082,2025-10-04,C0082,39313,Branch-C,East,Card
TXN0083,2025-10-04,C0083,20656,Branch-B,North,Cash
TXN0084,2025-10-02,C0084,77061,Branch-B,North,Cash
TXN0085,2025-10-19,C0085,88341,Branch-B,North,Card
TXN0086,2025-10-04,C0086,31759,Branch-B,North,Card
TXN0087,2025-10-14,C0087,81403,Branch-D,West,UPI
TXN0088,2025-10-30,C0088,87812,Branch-C,East,Cash
TXN0089,2025-10-14,C0089,52371,Branch-B,North,UPI
TXN0090,2025-10-31,C0090,50287,Branch-C,East,UPI
TXN0091,2025-10-04,C0091,32226,Branch-C,East,UPI
TXN0092,2025-10-26,C0092,1937,Branch-B,North,Cash
TXN0093,2025-10-24,C0093,19437,Branch-D,West,Card
TXN0094,2025-10-03,C0094,80388,Branch-A,South,UPI
TXN0095,2025-10-25,C0095,94394,Branch-D,West,Card
TXN0096,2025-10-18,C0096,42202,Branch-A,South,Cash
TXN0097,2025-10-27,C0097,56226,Branch-A,South,UPI
TXN0098,2025-10-09,C0098,14483,Branch-A,South,UPI
TXN0099,2025-10-20,C0099,22445,Branch-C,East,UPI
TXN0100,2025-10-18,C0100,50492,Branch-B,North,UPI
TXN0101,2025-10-24,C0101,60796,Branch-C,East,Card
TXN0102,2025-10-08,C0102,18115,Branch-C,East,UPI
TXN0103,2025-10-14,C0103,85390,Branch-D,West,UPI
TXN0104,2025-10-23,C0104,30088,Branch-A,South,Cash
TXN0105,2025-10-25,C0105,67290,Branch-C,East,UPI
TXN0106,2025-10-06,C0106,37179,Branch-B,North,NetBanking
TXN0107,2025-10-17,C0107,10874,Branch-A,South,Card
TXN0108,2025-10-20,C0108,35804,Branch-C,East,Card
TXN0109,2025-10-21,C0109,14248,Branch-B,North,UPI
TXN0110,2025-10-29,C0110,31889,Branch-D,West,Card
TXN0111,2025-10-23,C0111,63236,Branch-A,South,Cash
TXN0112,2025-10-19,C0112,79062,Branch-D,West,Card
TXN0113,2025-10-09,C0113,27954,Branch-C,East,NetBanking
TXN0114,2025-10-22,C0114,59729,Branch-B,North,Card
TXN0115,2025-10-07,C0115,84529,Branch-C,East,Cash
TXN0116,2025-10-02,C0116,94936,Branch-A,South,NetBanking
TXN0117,2025-10-14,C0117,33164,Branch-D,West,Card
TXN0118,2025-10-12,C0118,87399,Branch-A,South,NetBanking
TXN0119,2025-10-13,C0119,62202,Branch-B,North,NetBanking
TXN0120,2025-10-12,C0120,50848,Branch-B,North,Cash
TXN0121,2025-10-09,C0121,99818,Branch-C,East,UPI
TXN0122,2025-10-04,C0122,59994,Branch-B,North,Cash
TXN0123,2025-10-26,C0123,40022,Branch-D,West,UPI
TXN0124,2025-10-13,C0124,63744,Branch-C,East,NetBanking
TXN0125,2025-10-06,C0125,54197,Branch-B,North,Card
TXN0126,2025-10-06,C0126,48058,Branch-D,West,UPI
TXN0127,2025-10-20,C0127,80085,Branch-B,North,Card
TXN0128,2025-10-27,C0128,43282,Branch-A,South,UPI
TXN0129,2025-10-21,C0129,66785,Branch-B,North,Cash
TXN0130,2025-10-14,C0130,12094,Branch-A,South,UPI
TXN0131,2025-10-02,C0131,41051,Branch-A,South,Cash
TXN0132,2025-10-07,C0132,38821,Branch-D,West,NetBanking
TXN0133,2025-10-03,C0133,66587,Branch-A,South,Card
TXN0134,2025-10-07,C0134,17793,Branch-D,West,Cash
TXN0135,2025-10-04,C0135,24350,Branch-B,North,UPI
TXN0136,2025-10-30,C0136,9262,Branch-C,East,UPI
TXN0137,2025-10-04,C0137,62523,Branch-C,East,UPI
TXN0138,2025-10-31,C0138,94587,Branch-C,East,UPI
TXN0139,2025-10-27,C0139,53347,Branch-A,South,NetBanking
TXN0140,2025-10-06,C0140,9755,Branch-A,South,UPI
TXN0141,2025-10-07,C0141,71636,Branch-B,North,Cash
TXN0142,2025-10-19,C0142,81340,Branch-C,East,NetBanking
TXN0143,2025-10-28,C0143,75409,Branch-D,West,UPI
TXN0144,2025-10-04,C0144,90401,Branch-D,West,Card
TXN0145,2025-10-25,C0145,51015,Branch-C,East,NetBanking
TXN0146,2025-10-22,C0146,12986,Branch-B,North,Card
TXN0147,2025-10-05,C0147,99501,Branch-B,North,NetBanking
TXN0148,2025-10-26,C0148,73279,Branch-D,West,Card
TXN0149,2025-10-03,C0149,95188,Branch-B,North,UPI
TXN0150,2025-10-10,C0150,12343,Branch-B,North,UPI
TXN0151,2025-10-12,C0151,19970,Branch-C,East,NetBanking
TXN0152,2025-10-29,C0152,95559,Branch-B,North,NetBanking
TXN0153,2025-10-23,C0153,9208,Branch-C,East,Card
TXN0154,2025-10-10,C0154,43960,Branch-A,South,Cash
TXN0155,2025-10-31,C0155,41380,Branch-C,East,NetBanking
TXN0156,2025-10-03,C0156,37402,Branch-D,West,Cash
TXN0157,2025-10-16,C0157,26906,Branch-C,East,UPI
TXN0158,2025-10-10,C0158,39856,Branch-D,West,Card
TXN0159,2025-10-01,C0159,13582,Branch-C,East,Cash
TXN0160,2025-10-10,C0160,53845,Branch-D,West,NetBanking
TXN0161,2025-10-04,C0161,17941,Branch-C,East,Card
TXN0162,2025-10-25,C0162,36956,Branch-C,East,Cash
TXN0163,2025-10-10,C0163,98884,Branch-C,East,NetBanking
TXN0164,2025-10-07,C0164,14364,Branch-B,North,NetBanking
TXN0165,2025-10-30,C0165,56872,Branch-C,East,UPI
TXN0166,2025-10-04,C0166,3798,Branch-D,West,Cash
TXN0167,2025-10-04,C0167,26387,Branch-D,West,Card
TXN0168,2025-10-12,C0168,88551,Branch-D,West,Card
TXN0169,2025-10-26,C0169,27540,Branch-D,West,Card
TXN0170,2025-10-20,C0170,25240,Branch-D,West,NetBanking
TXN0171,2025-10-22,C0171,55066,Branch-C,East,UPI
TXN0172,2025-10-06,C0172,37051,Branch-C,East,Card
TXN0173,2025-10-08,C0173,31214,Branch-A,South,Card
TXN0174,2025-10-27,C0174,13804,Branch-D,West,UPI
TXN0175,2025-10-09,C0175,19179,Branch-C,East,UPI
TXN0176,2025-10-02,C0176,45954,Branch-A,South,Card
TXN0177,2025-10-15,C0177,32206,Branch-C,East,Cash
TXN0178,2025-10-17,C0178,35119,Branch-C,East,NetBanking
TXN0179,2025-10-06,C0179,91987,Branch-C,East,Card
TXN0180,2025-10-14,C0180,28779,Branch-C,East,Cash
TXN0181,2025-10-26,C0181,78873,Branch-D,West,UPI
TXN0182,2025-10-02,C0182,20997,Branch-B,North,NetBanking
TXN0183,2025-10-26,C0183,75251,Branch-A,South,UPI
TXN0184,2025-10-04,C0184,78463,Branch-A,South,UPI
TXN0185,2025-10-11,C0185,60538,Branch-D,West,UPI
TXN0186,2025-10-24,C0186,1427,Branch-A,South,UPI
TXN0187,2025-10-25,C0187,41010,Branch-B,North,NetBanking
TXN0188,2025-10-05,C0188,51493,Branch-D,West,NetBanking
TXN0189,2025-10-02,C0189,69466,Branch-A,South,Card
TXN0190,2025-10-09,C0190,31633,Branch-B,North,NetBanking
TXN0191,2025-10-31,C0191,82050,Branch-B,North,Card
TXN0192,2025-10-06,C0192,75384,Branch-B,North,UPI
TXN0193,2025-10-12,C0193,52609,Branch-C,East,NetBanking
TXN0194,2025-10-11,C0194,14565,Branch-C,East,UPI
TXN0195,2025-10-16,C0195,35510,Branch-A,South,NetBanking
TXN0196,2025-10-13,C0196,38850,Branch-C,East,NetBanking
TXN0197,2025-10-21,C0197,45061,Branch-C,East,UPI
TXN0198,2025-10-04,C0198,80046,Branch-A,South,Card
TXN0199,2025-10-04,C0199,12389,Branch-B,North,UPI
TXN0200,2025-10-18,C0200,77437,Branch-B,North,Cash
TXN0201,2025-10-19,C0201,54671,Branch-D,West,Card
TXN0202,2025-10-07,C0202,65285,Branch-C,East,Card
TXN0203,2025-10-14,C0203,12151,Branch-D,West,NetBanking
TXN0204,2025-10-31,C0204,67915,Branch-A,South,Cash
TXN0205,2025-10-13,C0205,71979,Branch-C,East,Cash
TXN0206,2025-10-29,C0206,52660,Branch-A,South,NetBanking
TXN0207,2025-10-24,C0207,19775,Branch-A,South,NetBanking
TXN0208,2025-10-26,C0208,31743,Branch-D,West,Card
TXN0209,2025-10-11,C0209,62077,Branch-C,East,Card
TXN0210,2025-10-07,C0210,98955,Branch-C,East,NetBanking
TXN0211,2025-10-04,C0211,98276,Branch-A,South,Card
TXN0212,2025-10-01,C0212,32065,Branch-B,North,Card
TXN0213,2025-10-03,C0213,56166,Branch-B,North,UPI
TXN0214,2025-10-31,C0214,32877,Branch-A,South,Cash
TXN0215,2025-10-27,C0215,18635,Branch-B,North,UPI
TXN0216,2025-10-03,C0216,71933,Branch-C,East,NetBanking
TXN0217,2025-10-05,C0217,37129,Branch-C,East,Cash
TXN0218,2025-10-12,C0218,49152,Branch-D,West,Card
TXN0219,2025-10-04,C0219,84157,Branch-D,West,UPI
TXN0220,2025-10-15,C0220,2136,Branch-B,North,Card
TXN0221,2025-10-22,C0221,27522,Branch-A,South,UPI
TXN0222,2025-10-02,C0222,15582,Branch-C,East,Card
TXN0223,2025-10-11,C0223,10527,Branch-B,North,Cash
TXN0224,2025-10-26,C0224,76314,Branch-A,South,Card
TXN0225,2025-10-02,C0225,30471,Branch-C,East,UPI
TXN0226,2025-10-27,C0226,54334,Branch-D,West,Cash
TXN0227,2025-10-31,C0227,33584,Branch-A,South,NetBanking
TXN0228,2025-10-05,C0228,28268,Branch-A,South,UPI
TXN0229,2025-10-24,C0229,21332,Branch-C,East,Cash
TXN0230,2025-10-16,C0230,12251,Branch-C,East,Cash
TXN0231,2025-10-22,C0231,71312,Branch-C,East,Cash
TXN0232,2025-10-09,C0232,76154,Branch-B,North,Cash
TXN0233,2025-10-03,C0233,45250,Branch-D,West,NetBanking
TXN0234,2025-10-08,C0234,92233,Branch-D,West,Card
TXN0235,2025-10-05,C0235,77175,Branch-A,South,Card
TXN0236,2025-10-15,C0236,58847,Branch-A,South,UPI
TXN0237,2025-10-27,C0237,99651,Branch-D,West,Card
TXN0238,2025-10-25,C0238,58913,Branch-D,West,Card
TXN0239,2025-10-22,C0239,57013,Branch-B,North,NetBanking
TXN0240,2025-10-22,C0240,85269,Branch-D,West,Card
TXN0241,2025-10-26,C0241,58591,Branch-B,North,Card
TXN0242,2025-10-19,C0242,46485,Branch-D,West,UPI
TXN0243,2025-10-22,C0243,56483,Branch-B,North,UPI
TXN0244,2025-10-05,C0244,49598,Branch-A,South,Card
TXN0245,2025-10-11,C0245,11204,Branch-D,West,Cash
TXN0246,2025-10-26,C0246,30878,Branch-B,North,Cash
TXN0247,2025-10-11,C0247,48844,Branch-A,South,UPI
TXN0248,2025-10-12,C0248,18196,Branch-B,North,Cash
TXN0249,2025-10-24,C0249,99835,Branch-A,South,UPI
TXN0250,2025-10-04,C0250,23816,Branch-A,South,NetBanking
TXN0251,2025-10-09,C0251,36423,Branch-B,North,UPI
TXN0252,2025-10-30,C0252,60759,Branch-D,West,UPI
TXN0253,2025-10-03,C0253,74555,Branch-C,East,Cash
TXN0254,2025-10-11,C0254,20202,Branch-C,East,NetBanking
TXN0255,2025-10-24,C0255,37504,Branch-D,West,NetBanking
TXN0256,2025-10-21,C0256,34358,Branch-C,East,Cash
TXN0257,2025-10-07,C0257,28361,Branch-D,West,NetBanking
TXN0258,2025-10-13,C0258,54068,Branch-B,North,NetBanking
TXN0259,2025-10-06,C0259,71754,Branch-C,East,UPI
TXN0260,2025-10-21,C0260,23042,Branch-D,West,Cash
TXN0261,2025-10-28,C0261,17703,Branch-A,South,Card
TXN0262,2025-10-03,C0262,50737,Branch-D,West,NetBanking
TXN0263,2025-10-27,C0263,45203,Branch-A,South,NetBanking
TXN0264,2025-10-21,C0264,87201,Branch-B,North,Card
TXN0265,2025-10-26,C0265,67914,Branch-B,North,NetBanking
TXN0266,2025-10-25,C0266,67888,Branch-B,North,Card
TXN0267,2025-10-30,C0267,52130,Branch-C,East,Cash
TXN0268,2025-10-02,C0268,52946,Branch-D,West,NetBanking
TXN0269,2025-10-03,C0269,92519,Branch-B,North,Card
TXN0270,2025-10-11,C0270,1297,Branch-A,South,Card
TXN0271,2025-10-10,C0271,78681,Branch-B,North,NetBanking
TXN0272,2025-10-06,C0272,60098,Branch-C,East,UPI
TXN0273,2025-10-27,C0273,46489,Branch-B,North,UPI
TXN0274,2025-10-11,C0274,8105,Branch-C,East,Cash
TXN0275,2025-10-03,C0275,16933,Branch-C,East,NetBanking
TXN0276,2025-10-07,C0276,19089,Branch-C,East,Card
TXN0277,2025-10-02,C0277,45061,Branch-B,North,UPI
TXN0278,2025-10-02,C0278,89776,Branch-A,South,UPI
TXN0279,2025-10-03,C0279,19147,Branch-A,South,UPI
TXN0280,2025-10-03,C0280,72469,Branch-C,East,Cash
TXN0281,2025-10-06,C0281,76093,Branch-A,South,Card
TXN0282,2025-10-11,C0282,55124,Branch-A,South,Cash
TXN0283,2025-10-27,C0283,11212,Branch-A,South,NetBanking
TXN0284,2025-10-10,C0284,81725,Branch-D,West,UPI
TXN0285,2025-10-06,C0285,85488,Branch-D,West,NetBanking
TXN0286,2025-10-07,C0286,20547,Branch-A,South,NetBanking
TXN0287,2025-10-12,C0287,25466,Branch-B,North,Card
TXN0288,2025-10-19,C0288,49019,Branch-A,South,UPI
TXN0289,2025-10-02,C0289,48966,Branch-B,North,NetBanking
TXN0290,2025-10-11,C0290,75613,Branch-C,East,NetBanking
TXN0291,2025-10-11,C0291,5240,Branch-D,West,Card
TXN0292,2025-10-22,C0292,2290,Branch-D,West,Card
TXN0293,2025-10-15,C0293,68964,Branch-C,East,Card
TXN0294,2025-10-24,C0294,25391,Branch-D,West,UPI
TXN0295,2025-10-10,C0295,12336,Branch-D,West,NetBanking
TXN0296,2025-10-06,C0296,21315,Branch-B,North,Cash
TXN0297,2025-10-17,C0297,15530,Branch-D,West,UPI
TXN0298,2025-10-28,C0298,44840,Branch-A,South,NetBanking
TXN0299,2025-10-20,C0299,20046,Branch-C,East,UPI
TXN0300,2025-10-07,C0300,40841,Branch-A,South,UPI
TXN0301,2025-10-03,C0301,68821,Branch-A,South,UPI
TXN0302,2025-10-29,C0302,11291,Branch-B,North,NetBanking
TXN0303,2025-10-23,C0303,12965,Branch-A,South,Card
TXN0304,2025-10-19,C0304,40419,Branch-A,South,UPI
TXN0305,2025-10-09,C0305,3185,Branch-A,South,Card
TXN0306,2025-10-09,C0306,26794,Branch-D,West,Cash
TXN0307,2025-10-23,C0307,30461,Branch-A,South,Card
TXN0308,2025-10-19,C0308,18817,Branch-B,North,Cash
TXN0309,2025-10-29,C0309,95965,Branch-D,West,Card
TXN0310,2025-10-05,C0310,66030,Branch-A,South,Cash
TXN0311,2025-10-29,C0311,80230,Branch-A,South,NetBanking
TXN0312,2025-10-26,C0312,52164,Branch-A,South,Cash
TXN0313,2025-10-17,C0313,2427,Branch-B,North,Cash
TXN0314,2025-10-01,C0314,85924,Branch-A,South,NetBanking
TXN0315,2025-10-06,C0315,42910,Branch-A,South,Cash
TXN0316,2025-10-17,C0316,14110,Branch-A,South,UPI
TXN0317,2025-10-06,C0317,23174,Branch-B,North,UPI
TXN0318,2025-10-11,C0318,66275,Branch-A,South,UPI
TXN0319,2025-10-12,C0319,33150,Branch-C,East,Card
TXN0320,2025-10-22,C0320,42313,Branch-D,West,UPI
TXN0321,2025-10-28,C0321,59243,Branch-B,North,Card
TXN0322,2025-10-25,C0322,52057,Branch-C,East,NetBanking
TXN0323,2025-10-04,C0323,17505,Branch-A,South,Cash
TXN0324,2025-10-27,C0324,26799,Branch-D,West,NetBanking
TXN0325,2025-10-25,C0325,83694,Branch-D,West,Cash
TXN0326,2025-10-01,C0326,34498,Branch-B,North,NetBanking
TXN0327,2025-10-28,C0327,75752,Branch-A,South,Cash
TXN0328,2025-10-07,C0328,62096,Branch-D,West,UPI
TXN0329,2025-10-09,C0329,77795,Branch-D,West,NetBanking
TXN0330,2025-10-10,C0330,91817,Branch-B,North,Cash
TXN0331,2025-10-31,C0331,31026,Branch-B,North,Cash
TXN0332,2025-10-13,C0332,88499,Branch-B,North,Card
TXN0333,2025-10-03,C0333,99406,Branch-A,South,NetBanking
TXN0334,2025-10-03,C0334,95064,Branch-A,South,NetBanking
TXN0335,2025-10-03,C0335,51945,Branch-D,West,UPI
TXN0336,2025-10-09,C0336,27471,Branch-A,South,Cash
TXN0337,2025-10-31,C0337,81761,Branch-D,West,Card
TXN0338,2025-10-14,C0338,6540,Branch-B,North,NetBanking
TXN0339,2025-10-20,C0339,30319,Branch-B,North,Cash
TXN0340,2025-10-17,C0340,97949,Branch-D,West,UPI
TXN0341,2025-10-31,C0341,56742,Branch-C,East,Card
TXN0342,2025-10-19,C0342,72064,Branch-D,West,UPI
TXN0343,2025-10-08,C0343,14907,Branch-B,North,Cash
TXN0344,2025-10-06,C0344,13770,Branch-B,North,Cash
TXN0345,2025-10-24,C0345,17265,Branch-C,East,UPI
TXN0346,2025-10-27,C0346,68844,Branch-C,East,UPI
TXN0347,2025-10-26,C0347,80475,Branch-C,East,Cash
TXN0348,2025-10-21,C0348,62734,Branch-D,West,UPI
TXN0349,2025-10-28,C0349,95480,Branch-D,West,NetBanking
TXN0350,2025-10-08,C0350,48982,Branch-D,West,NetBanking
TXN0351,2025-10-27,C0351,98970,Branch-C,East,NetBanking
TXN0352,2025-10-14,C0352,84634,Branch-A,South,Card
TXN0353,2025-10-29,C0353,44755,Branch-D,West,UPI
TXN0354,2025-10-16,C0354,17829,Branch-B,North,Cash
TXN0355,2025-10-24,C0355,93026,Branch-A,South,NetBanking
TXN0356,2025-10-03,C0356,23535,Branch-B,North,NetBanking
TXN0357,2025-10-30,C0357,60427,Branch-D,West,Card
TXN0358,2025-10-08,C0358,83467,Branch-B,North,NetBanking
TXN0359,2025-10-18,C0359,73981,Branch-D,West,UPI
TXN0360,2025-10-15,C0360,37404,Branch-D,West,UPI
TXN0361,2025-10-21,C0361,71661,Branch-C,East,Cash
TXN0362,2025-10-25,C0362,91837,Branch-D,West,Card
TXN0363,2025-10-18,C0363,44867,Branch-D,West,Cash
TXN0364,2025-10-20,C0364,23214,Branch-D,West,Card
TXN0365,2025-10-29,C0365,8182,Branch-B,North,Cash
TXN0366,2025-10-08,C0366,79248,Branch-D,West,Card
TXN0367,2025-10-20,C0367,76864,Branch-B,North,NetBanking
TXN0368,2025-10-29,C0368,77052,Branch-C,East,Card
TXN0369,2025-10-05,C0369,88594,Branch-B,North,Card
TXN0370,2025-10-28,C0370,27221,Branch-A,South,UPI
TXN0371,2025-10-22,C0371,22384,Branch-B,North,UPI
TXN0372,2025-10-02,C0372,61013,Branch-B,North,Cash
TXN0373,2025-10-03,C0373,30499,Branch-A,South,UPI
TXN0374,2025-10-30,C0374,11003,Branch-A,South,Cash
TXN0375,2025-10-10,C0375,98205,Branch-A,South,NetBanking
TXN0376,2025-10-17,C0376,70347,Branch-B,North,Cash
TXN0377,2025-10-16,C0377,26810,Branch-B,North,UPI
TXN0378,2025-10-12,C0378,83838,Branch-C,East,UPI
TXN0379,2025-10-25,C0379,99502,Branch-A,South,UPI
TXN0380,2025-10-14,C0380,85217,Branch-D,West,Card
TXN0381,2025-10-10,C0381,33851,Branch-B,North,Cash
TXN0382,2025-10-29,C0382,19193,Branch-C,East,UPI
TXN0383,2025-10-01,C0383,22888,Branch-A,South,NetBanking
TXN0384,2025-10-28,C0384,48087,Branch-A,South,Cash
TXN0385,2025-10-22,C0385,31455,Branch-A,South,UPI
TXN0386,2025-10-21,C0386,62068,Branch-B,North,NetBanking
TXN0387,2025-10-12,C0387,16042,Branch-A,South,UPI
TXN0388,2025-10-28,C0388,73375,Branch-C,East,NetBanking
TXN0389,2025-10-15,C0389,25675,Branch-C,East,Cash
TXN0390,2025-10-15,C0390,57415,Branch-D,West,NetBanking
TXN0391,2025-10-17,C0391,30965,Branch-D,West,UPI
TXN0392,2025-10-01,C0392,75212,Branch-B,North,Cash
TXN0393,2025-10-31,C0393,16150,Branch-C,East,Card
TXN0394,2025-10-16,C0394,90186,Branch-D,West,NetBanking
TXN0395,2025-10-28,C0395,45749,Branch-C,East,Card
TXN0396,2025-10-02,C0396,98187,Branch-C,East,UPI
TXN0397,2025-10-06,C0397,8132,Branch-C,East,UPI
TXN0398,2025-10-30,C0398,94341,Branch-D,West,NetBanking
TXN0399,2025-10-29,C0399,8997,Branch-A,South,Cash
TXN0400,2025-10-16,C0400,23884,Branch-D,West,Cash
TXN0401,2025-10-30,C0401,62171,Branch-A,South,Cash
TXN0402,2025-10-01,C0402,87373,Branch-C,East,NetBanking
TXN0403,2025-10-21,C0403,97248,Branch-C,East,Card
TXN0404,2025-10-22,C0404,90519,Branch-D,West,Cash
TXN0405,2025-10-24,C0405,18983,Branch-A,South,NetBanking
TXN0406,2025-10-10,C0406,54179,Branch-B,North,NetBanking
TXN0407,2025-10-18,C0407,56060,Branch-A,South,UPI
TXN0408,2025-10-27,C0408,51410,Branch-B,North,Card
TXN0409,2025-10-13,C0409,35794,Branch-C,East,Cash
TXN0410,2025-10-20,C0410,7782,Branch-A,South,Cash
TXN0411,2025-10-10,C0411,30456,Branch-C,East,Cash
TXN0412,2025-10-31,C0412,74374,Branch-A,South,NetBanking
TXN0413,2025-10-15,C0413,35416,Branch-B,North,Card
TXN0414,2025-10-05,C0414,52120,Branch-B,North,UPI
TXN0415,2025-10-01,C0415,90036,Branch-D,West,NetBanking
TXN0416,2025-10-05,C0416,84245,Branch-D,West,UPI
TXN0417,2025-10-15,C0417,48424,Branch-B,North,UPI
TXN0418,2025-10-07,C0418,8854,Branch-D,West,Cash
TXN0419,2025-10-29,C0419,58478,Branch-B,North,NetBanking
TXN0420,2025-10-28,C0420,66934,Branch-D,West,UPI
TXN0421,2025-10-23,C0421,86018,Branch-D,West,Cash
TXN0422,2025-10-06,C0422,9936,Branch-B,North,Cash
TXN0423,2025-10-17,C0423,56739,Branch-A,South,Cash
TXN0424,2025-10-21,C0424,6779,Branch-C,East,NetBanking
TXN0425,2025-10-20,C0425,87904,Branch-D,West,UPI
TXN0426,2025-10-01,C0426,61460,Branch-D,West,UPI
TXN0427,2025-10-09,C0427,22409,Branch-D,West,UPI
TXN0428,2025-10-06,C0428,12319,Branch-A,South,UPI
TXN0429,2025-10-12,C0429,60511,Branch-B,North,Card
TXN0430,2025-10-14,C0430,48144,Branch-B,North,UPI
TXN0431,2025-10-04,C0431,49963,Branch-A,South,Cash
TXN0432,2025-10-30,C0432,60151,Branch-D,West,NetBanking
TXN0433,2025-10-08,C0433,62496,Branch-D,West,NetBanking
TXN0434,2025-10-31,C0434,15158,Branch-D,West,Cash
TXN0435,2025-10-31,C0435,99770,Branch-D,West,NetBanking
TXN0436,2025-10-17,C0436,51246,Branch-C,East,NetBanking
TXN0437,2025-10-31,C0437,98779,Branch-A,South,Cash
TXN0438,2025-10-02,C0438,59519,Branch-D,West,UPI
TXN0439,2025-10-30,C0439,73277,Branch-C,East,Card
TXN0440,2025-10-08,C0440,90007,Branch-A,South,Card
TXN0441,2025-10-15,C0441,67095,Branch-A,South,Cash
TXN0442,2025-10-09,C0442,4946,Branch-B,North,NetBanking
TXN0443,2025-10-12,C0443,13559,Branch-B,North,Cash
TXN0444,2025-10-18,C0444,17045,Branch-C,East,Card
TXN0445,2025-10-15,C0445,78259,Branch-D,West,NetBanking
TXN0446,2025-10-18,C0446,10035,Branch-B,North,NetBanking
TXN0447,2025-10-13,C0447,82735,Branch-A,South,Card
TXN0448,2025-10-05,C0448,43989,Branch-B,North,UPI
TXN0449,2025-10-18,C0449,9739,Branch-A,South,Card
TXN0450,2025-10-28,C0450,46027,Branch-A,South,NetBanking
TXN0451,2025-10-21,C0451,62157,Branch-A,South,NetBanking
TXN0452,2025-10-15,C0452,71119,Branch-C,East,UPI
TXN0453,2025-10-20,C0453,16093,Branch-D,West,Cash
TXN0454,2025-10-11,C0454,55029,Branch-C,East,UPI
TXN0455,2025-10-13,C0455,16068,Branch-B,North,UPI
TXN0456,2025-10-14,C0456,37799,Branch-D,West,UPI
TXN0457,2025-10-02,C0457,56947,Branch-A,South,NetBanking
TXN0458,2025-10-25,C0458,85571,Branch-C,East,Cash
TXN0459,2025-10-26,C0459,82505,Branch-B,North,Card
TXN0460,2025-10-14,C0460,34716,Branch-B,North,Cash
TXN0461,2025-10-26,C0461,74124,Branch-B,North,NetBanking
TXN0462,2025-10-06,C0462,89606,Branch-B,North,UPI
TXN0463,2025-10-31,C0463,24880,Branch-B,North,UPI
TXN0464,2025-10-29,C0464,72257,Branch-D,West,NetBanking
TXN0465,2025-10-28,C0465,70126,Branch-B,North,UPI
TXN0466,2025-10-29,C0466,62762,Branch-B,North,Card
TXN0467,2025-10-19,C0467,59821,Branch-B,North,NetBanking
TXN0468,2025-10-27,C0468,39070,Branch-A,South,Card
TXN0469,2025-10-11,C0469,2682,Branch-D,West,Card
TXN0470,2025-10-04,C0470,38062,Branch-D,West,Card
TXN0471,2025-10-26,C0471,97630,Branch-B,North,NetBanking
TXN0472,2025-10-10,C0472,24442,Branch-A,South,Card
TXN0473,2025-10-12,C0473,85831,Branch-C,East,Cash
TXN0474,2025-10-08,C0474,73443,Branch-C,East,NetBanking
TXN0475,2025-10-29,C0475,99702,Branch-D,West,Cash
TXN0476,2025-10-17,C0476,20567,Branch-B,North,NetBanking
TXN0477,2025-10-21,C0477,81721,Branch-C,East,UPI
TXN0478,2025-10-15,C0478,20568,Branch-C,East,NetBanking
TXN0479,2025-10-03,C0479,45469,Branch-D,West,Card
TXN0480,2025-10-12,C0480,52637,Branch-A,South,Card
TXN0481,2025-10-01,C0481,48680,Branch-C,East,NetBanking
TXN0482,2025-10-18,C0482,13346,Branch-A,South,NetBanking
TXN0483,2025-10-21,C0483,38464,Branch-C,East,UPI
TXN0484,2025-10-08,C0484,48676,Branch-A,South,UPI
TXN0485,2025-10-09,C0485,92969,Branch-C,East,Card
TXN0486,2025-10-08,C0486,13105,Branch-B,North,Cash
TXN0487,2025-10-11,C0487,56083,Branch-A,South,Card
TXN0488,2025-10-28,C0488,43953,Branch-C,East,Cash
TXN0489,2025-10-08,C0489,51028,Branch-D,West,NetBanking
TXN0490,2025-10-19,C0490,58711,Branch-A,South,NetBanking
TXN0491,2025-10-16,C0491,29181,Branch-B,North,NetBanking
TXN0492,2025-10-23,C0492,76965,Branch-A,South,Cash
TXN0493,2025-10-01,C0493,58677,Branch-D,West,Card
TXN0494,2025-10-09,C0494,72092,Branch-C,East,Cash
TXN0495,2025-10-23,C0495,2223,Branch-D,West,Card
TXN0496,2025-10-08,C0496,54302,Branch-C,East,NetBanking
TXN0497,2025-10-28,C0497,26179,Branch-D,West,Cash
TXN0498,2025-10-31,C0498,11596,Branch-B,North,Cash
TXN0499,2025-10-17,C0499,17407,Branch-A,South,UPI
TXN0500,2025-10-01,C0500,70887,Branch-D,West,NetBanking
TXN0501,2025-10-04,C0501,93716,Branch-A,South,Card
TXN0502,2025-10-05,C0502,46732,Branch-A,South,NetBanking
TXN0503,2025-10-12,C0503,67841,Branch-A,South,Cash
TXN0504,2025-10-27,C0504,62555,Branch-B,North,Card
TXN0505,2025-10-12,C0505,53296,Branch-A,South,UPI
TXN0506,2025-10-13,C0506,8655,Branch-A,South,UPI
TXN0507,2025-10-14,C0507,91051,Branch-B,North,Card
TXN0508,2025-10-05,C0508,65672,Branch-C,East,Cash
TXN0509,2025-10-28,C0509,38898,Branch-C,East,NetBanking
TXN0510,2025-10-31,C0510,30452,Branch-C,East,Card
TXN0511,2025-10-23,C0511,70614,Branch-B,North,Cash
TXN0512,2025-10-31,C0512,55170,Branch-D,West,UPI
TXN0513,2025-10-18,C0513,41819,Branch-C,East,Cash
TXN0514,2025-10-14,C0514,21741,Branch-A,South,Card
TXN0515,2025-10-04,C0515,61845,Branch-A,South,Cash
TXN0516,2025-10-12,C0516,9622,Branch-D,West,Cash
TXN0517,2025-10-30,C0517,4466,Branch-A,South,UPI
TXN0518,2025-10-09,C0518,55731,Branch-D,West,NetBanking
TXN0519,2025-10-23,C0519,98764,Branch-A,South,Cash
TXN0520,2025-10-21,C0520,63870,Branch-B,North,Cash
TXN0521,2025-10-13,C0521,4101,Branch-A,South,UPI
TXN0522,2025-10-26,C0522,99658,Branch-C,East,NetBanking
TXN0523,2025-10-13,C0523,23254,Branch-C,East,NetBanking
TXN0524,2025-10-19,C0524,52701,Branch-C,East,NetBanking
TXN0525,2025-10-10,C0525,66925,Branch-A,South,UPI
TXN0526,2025-10-20,C0526,33827,Branch-B,North,NetBanking
TXN0527,2025-10-31,C0527,62993,Branch-D,West,UPI
TXN0528,2025-10-02,C0528,22019,Branch-D,West,Cash
TXN0529,2025-10-31,C0529,12436,Branch-A,South,NetBanking
TXN0530,2025-10-02,C0530,7862,Branch-D,West,NetBanking
TXN0531,2025-10-18,C0531,42129,Branch-B,North,Cash
TXN0532,2025-10-07,C0532,29936,Branch-D,West,UPI
TXN0533,2025-10-11,C0533,21949,Branch-A,South,Card
TXN0534,2025-10-13,C0534,31007,Branch-D,West,UPI
TXN0535,2025-10-31,C0535,24574,Branch-C,East,Cash
TXN0536,2025-10-11,C0536,99635,Branch-D,West,NetBanking
TXN0537,2025-10-25,C0537,46223,Branch-D,West,NetBanking
TXN0538,2025-10-22,C0538,93777,Branch-D,West,Card
TXN0539,2025-10-05,C0539,31928,Branch-A,South,UPI
TXN0540,2025-10-24,C0540,59937,Branch-A,South,NetBanking
TXN0541,2025-10-17,C0541,53590,Branch-D,West,UPI
TXN0542,2025-10-29,C0542,99160,Branch-A,South,Card
TXN0543,2025-10-11,C0543,45017,Branch-B,North,Cash
TXN0544,2025-10-03,C0544,33728,Branch-C,East,Card
TXN0545,2025-10-20,C0545,78443,Branch-C,East,NetBanking
TXN0546,2025-10-28,C0546,41843,Branch-D,West,Cash
TXN0547,2025-10-13,C0547,3727,Branch-B,North,Card
TXN0548,2025-10-25,C0548,62656,Branch-C,East,Cash
TXN0549,2025-10-03,C0549,66433,Branch-D,West,NetBanking
TXN0550,2025-10-19,C0550,92234,Branch-D,West,Cash
TXN0551,2025-10-06,C0551,54355,Branch-A,South,UPI
TXN0552,2025-10-31,C0552,11943,Branch-D,West,Card
TXN0553,2025-10-30,C0553,81870,Branch-A,South,UPI
TXN0554,2025-10-27,C0554,81182,Branch-C,East,Card
TXN0555,2025-10-17,C0555,97623,Branch-A,South,Card
TXN0556,2025-10-13,C0556,74274,Branch-B,North,NetBanking
TXN0557,2025-10-01,C0557,3438,Branch-A,South,Card
TXN0558,2025-10-24,C0558,34910,Branch-B,North,Cash
TXN0559,2025-10-18,C0559,5513,Branch-B,North,NetBanking
TXN0560,2025-10-17,C0560,73410,Branch-B,North,Cash
TXN0561,2025-10-20,C0561,46244,Branch-B,North,NetBanking
TXN0562,2025-10-13,C0562,45499,Branch-D,West,Cash
TXN0563,2025-10-24,C0563,36837,Branch-A,South,Cash
TXN0564,2025-10-21,C0564,44340,Branch-B,North,Card
TXN0565,2025-10-27,C0565,97627,Branch-D,West,Card
TXN0566,2025-10-17,C0566,46326,Branch-A,South,Card
TXN0567,2025-10-11,C0567,62004,Branch-C,East,UPI
TXN0568,2025-10-13,C0568,26230,Branch-B,North,NetBanking
TXN0569,2025-10-01,C0569,58649,Branch-D,West,UPI
TXN0570,2025-10-16,C0570,76846,Branch-D,West,UPI
TXN0571,2025-10-16,C0571,16764,Branch-B,North,NetBanking
TXN0572,2025-10-28,C0572,38554,Branch-C,East,Cash
TXN0573,2025-10-06,C0573,61536,Branch-C,East,NetBanking
TXN0574,2025-10-08,C0574,27076,Branch-D,West,Card
TXN0575,2025-10-30,C0575,62879,Branch-B,North,Card
TXN0576,2025-10-31,C0576,13476,Branch-B,North,NetBanking
TXN0577,2025-10-29,C0577,25558,Branch-D,West,UPI
TXN0578,2025-10-09,C0578,63686,Branch-D,West,NetBanking
TXN0579,2025-10-21,C0579,28160,Branch-B,North,Cash
TXN0580,2025-10-06,C0580,70701,Branch-C,East,UPI
TXN0581,2025-10-27,C0581,67253,Branch-B,North,Card
TXN0582,2025-10-27,C0582,58299,Branch-B,North,Card
TXN0583,2025-10-23,C0583,18441,Branch-C,East,NetBanking
TXN0584,2025-10-25,C0584,43103,Branch-D,West,UPI
TXN0585,2025-10-10,C0585,38355,Branch-A,South,Cash
TXN0586,2025-10-24,C0586,50508,Branch-A,South,Cash
TXN0587,2025-10-25,C0587,65958,Branch-A,South,NetBanking
TXN0588,2025-10-10,C0588,66785,Branch-D,West,Card
TXN0589,2025-10-21,C0589,31965,Branch-C,East,UPI
TXN0590,2025-10-30,C0590,59006,Branch-B,North,Cash
TXN0591,2025-10-19,C0591,28558,Branch-A,South,UPI
TXN0592,2025-10-02,C0592,75873,Branch-A,South,Cash
TXN0593,2025-10-26,C0593,72501,Branch-D,West,Cash
TXN0594,2025-10-14,C0594,79154,Branch-D,West,Cash
TXN0595,2025-10-20,C0595,53462,Branch-A,South,NetBanking
TXN0596,2025-10-24,C0596,46655,Branch-D,West,NetBanking
TXN0597,2025-10-24,C0597,44597,Branch-A,South,Cash
TXN0598,2025-10-15,C0598,3953,Branch-B,North,UPI
TXN0599,2025-10-25,C0599,35759,Branch-B,North,Cash
TXN0600,2025-10-12,C0600,19408,Branch-C,East,NetBanking
TXN0601,2025-10-01,C0601,35782,Branch-C,East,NetBanking
TXN0602,2025-10-27,C0602,68798,Branch-A,South,NetBanking
TXN0603,2025-10-01,C0603,21893,Branch-A,South,Cash
TXN0604,2025-10-25,C0604,99012,Branch-A,South,Cash
TXN0605,2025-10-29,C0605,62859,Branch-C,East,UPI
TXN0606,2025-10-24,C0606,48025,Branch-D,West,UPI
TXN0607,2025-10-21,C0607,81984,Branch-C,East,UPI
TXN0608,2025-10-25,C0608,94383,Branch-B,North,NetBanking
TXN0609,2025-10-24,C0609,34252,Branch-C,East,UPI
TXN0610,2025-10-09,C0610,14267,Branch-C,East,Card
TXN0611,2025-10-09,C0611,50070,Branch-B,North,NetBanking
TXN0612,2025-10-11,C0612,69693,Branch-B,North,Card
TXN0613,2025-10-19,C0613,2693,Branch-A,South,UPI
TXN0614,2025-10-06,C0614,63240,Branch-A,South,Cash
TXN0615,2025-10-17,C0615,39945,Branch-C,East,NetBanking
TXN0616,2025-10-15,C0616,61435,Branch-A,South,NetBanking
TXN0617,2025-10-30,C0617,17197,Branch-A,South,UPI
TXN0618,2025-10-13,C0618,97740,Branch-C,East,UPI
TXN0619,2025-10-21,C0619,53920,Branch-B,North,Cash
TXN0620,2025-10-02,C0620,82347,Branch-A,South,Card
TXN0621,2025-10-23,C0621,46466,Branch-B,North,UPI
TXN0622,2025-10-29,C0622,66110,Branch-A,South,UPI
TXN0623,2025-10-09,C0623,64464,Branch-A,South,Cash
TXN0624,2025-10-20,C0624,60599,Branch-B,North,UPI
TXN0625,2025-10-28,C0625,38308,Branch-B,North,Card
TXN0626,2025-10-10,C0626,42121,Branch-C,East,Card
TXN0627,2025-10-04,C0627,86997,Branch-A,South,NetBanking
TXN0628,2025-10-26,C0628,14316,Branch-A,South,Cash
TXN0629,2025-10-05,C0629,54468,Branch-D,West,Card
TXN0630,2025-10-29,C0630,38475,Branch-D,West,NetBanking
TXN0631,2025-10-20,C0631,75164,Branch-D,West,UPI
TXN0632,2025-10-07,C0632,19244,Branch-C,East,Card
TXN0633,2025-10-20,C0633,86209,Branch-B,North,NetBanking
TXN0634,2025-10-19,C0634,44353,Branch-A,South,Cash
TXN0635,2025-10-05,C0635,75406,Branch-A,South,Card
TXN0636,2025-10-11,C0636,3157,Branch-C,East,Cash
TXN0637,2025-10-12,C0637,99912,Branch-B,North,NetBanking
TXN0638,2025-10-03,C0638,45086,Branch-A,South,NetBanking
TXN0639,2025-10-08,C0639,30799,Branch-C,East,UPI
TXN0640,2025-10-13,C0640,18338,Branch-C,East,Card
TXN0641,2025-10-15,C0641,42951,Branch-B,North,Cash
TXN0642,2025-10-24,C0642,94151,Branch-C,East,NetBanking
TXN0643,2025-10-14,C0643,30044,Branch-C,East,NetBanking
TXN0644,2025-10-17,C0644,76613,Branch-C,East,NetBanking
TXN0645,2025-10-18,C0645,38761,Branch-D,West,Cash
TXN0646,2025-10-22,C0646,43485,Branch-D,West,UPI
TXN0647,2025-10-30,C0647,74129,Branch-B,North,Cash
TXN0648,2025-10-08,C0648,53672,Branch-B,North,Card
TXN0649,2025-10-04,C0649,7922,Branch-D,West,Cash
TXN0650,2025-10-27,C0650,27855,Branch-D,West,Cash
TXN0651,2025-10-09,C0651,89471,Branch-B,North,Card
TXN0652,2025-10-18,C0652,48377,Branch-A,South,Cash
TXN0653,2025-10-23,C0653,93926,Branch-B,North,UPI
TXN0654,2025-10-28,C0654,49293,Branch-B,North,Cash
TXN0655,2025-10-03,C0655,36345,Branch-A,South,UPI
TXN0656,2025-10-02,C0656,35710,Branch-D,West,NetBanking
TXN0657,2025-10-25,C0657,19515,Branch-C,East,NetBanking
TXN0658,2025-10-02,C0658,24835,Branch-B,North,Card
TXN0659,2025-10-09,C0659,33607,Branch-B,North,NetBanking
TXN0660,2025-10-09,C0660,8024,Branch-D,West,Card
TXN0661,2025-10-11,C0661,26127,Branch-D,West,UPI
TXN0662,2025-10-24,C0662,16119,Branch-D,West,Card
TXN0663,2025-10-04,C0663,99269,Branch-C,East,Cash
TXN0664,2025-10-05,C0664,10685,Branch-B,North,Cash
TXN0665,2025-10-25,C0665,60245,Branch-B,North,Card
TXN0666,2025-10-05,C0666,53145,Branch-B,North,Card
TXN0667,2025-10-08,C0667,96788,Branch-D,West,UPI
TXN0668,2025-10-14,C0668,8060,Branch-A,South,NetBanking
TXN0669,2025-10-21,C0669,94918,Branch-D,West,NetBanking
TXN0670,2025-10-06,C0670,50301,Branch-A,South,Cash
TXN0671,2025-10-20,C0671,89831,Branch-B,North,UPI
TXN0672,2025-10-24,C0672,73327,Branch-C,East,UPI
TXN0673,2025-10-15,C0673,81195,Branch-B,North,NetBanking
TXN0674,2025-10-13,C0674,43607,Branch-C,East,Cash
TXN0675,2025-10-16,C0675,65481,Branch-A,South,Cash
TXN0676,2025-10-14,C0676,16079,Branch-A,South,Card
TXN0677,2025-10-21,C0677,59885,Branch-C,East,NetBanking
TXN0678,2025-10-14,C0678,93425,Branch-D,West,UPI
TXN0679,2025-10-19,C0679,25534,Branch-C,East,UPI
TXN0680,2025-10-07,C0680,59779,Branch-D,West,Cash
TXN0681,2025-10-07,C0681,67071,Branch-D,West,Cash
TXN0682,2025-10-06,C0682,83004,Branch-D,West,NetBanking
TXN0683,2025-10-24,C0683,67219,Branch-B,North,Card
TXN0684,2025-10-17,C0684,44102,Branch-A,South,Card
TXN0685,2025-10-17,C0685,33304,Branch-C,East,Card
TXN0686,2025-10-23,C0686,88248,Branch-D,West,UPI
TXN0687,2025-10-06,C0687,81463,Branch-A,South,UPI
TXN0688,2025-10-23,C0688,58168,Branch-B,North,UPI
TXN0689,2025-10-22,C0689,15768,Branch-C,East,Card
TXN0690,2025-10-29,C0690,32150,Branch-A,South,Cash
TXN0691,2025-10-06,C0691,59337,Branch-B,North,UPI
TXN0692,2025-10-09,C0692,42657,Branch-D,West,Card
TXN0693,2025-10-19,C0693,34092,Branch-D,West,Card
TXN0694,2025-10-10,C0694,53109,Branch-A,South,Cash
TXN0695,2025-10-31,C0695,30226,Branch-D,West,NetBanking
TXN0696,2025-10-21,C0696,63846,Branch-B,North,UPI
TXN0697,2025-10-09,C0697,54232,Branch-B,North,NetBanking
TXN0698,2025-10-27,C0698,67840,Branch-D,West,Card
TXN0699,2025-10-06,C0699,19166,Branch-B,North,Card
TXN0700,2025-10-08,C0700,2880,Branch-A,South,Card
TXN0701,2025-10-10,C0701,96944,Branch-A,South,UPI
TXN0702,2025-10-12,C0702,79580,Branch-C,East,Card
TXN0703,2025-10-27,C0703,87878,Branch-A,South,NetBanking
TXN0704,2025-10-13,C0704,37295,Branch-B,North,UPI
TXN0705,2025-10-17,C0705,6738,Branch-D,West,UPI
TXN0706,2025-10-03,C0706,49789,Branch-B,North,UPI
TXN0707,2025-10-07,C0707,88879,Branch-B,North,NetBanking
TXN0708,2025-10-26,C0708,40507,Branch-A,South,Card
TXN0709,2025-10-12,C0709,25271,Branch-D,West,Card
TXN0710,2025-10-11,C0710,31887,Branch-C,East,NetBanking
TXN0711,2025-10-11,C0711,7630,Branch-B,North,Cash
TXN0712,2025-10-21,C0712,54059,Branch-C,East,NetBanking
TXN0713,2025-10-27,C0713,23896,Branch-A,South,Cash
TXN0714,2025-10-17,C0714,53787,Branch-C,East,Cash
TXN0715,2025-10-28,C0715,47861,Branch-A,South,Cash
TXN0716,2025-10-20,C0716,14644,Branch-A,South,Card
TXN0717,2025-10-25,C0717,71648,Branch-D,West,UPI
TXN0718,2025-10-02,C0718,47334,Branch-C,East,UPI
TXN0719,2025-10-10,C0719,30735,Branch-B,North,Card
TXN0720,2025-10-29,C0720,26170,Branch-D,West,Card
TXN0721,2025-10-21,C0721,58787,Branch-A,South,Cash
TXN0722,2025-10-05,C0722,69813,Branch-A,South,Cash
TXN0723,2025-10-30,C0723,75922,Branch-D,West,Cash
TXN0724,2025-10-26,C0724,47574,Branch-B,North,NetBanking
TXN0725,2025-10-01,C0725,84820,Branch-D,West,Card
TXN0726,2025-10-10,C0726,70830,Branch-B,North,Card
TXN0727,2025-10-14,C0727,66151,Branch-B,North,Cash
TXN0728,2025-10-28,C0728,45550,Branch-B,North,Cash
TXN0729,2025-10-06,C0729,94399,Branch-A,South,NetBanking
TXN0730,2025-10-29,C0730,50584,Branch-C,East,Cash
TXN0731,2025-10-08,C0731,55176,Branch-A,South,Cash
TXN0732,2025-10-18,C0732,53844,Branch-C,East,Card
TXN0733,2025-10-05,C0733,14464,Branch-C,East,Card
TXN0734,2025-10-12,C0734,84029,Branch-C,East,Card
TXN0735,2025-10-23,C0735,94379,Branch-D,West,Cash
TXN0736,2025-10-02,C0736,92806,Branch-B,North,NetBanking
TXN0737,2025-10-09,C0737,73024,Branch-C,East,Cash
TXN0738,2025-10-25,C0738,50136,Branch-A,South,NetBanking
TXN0739,2025-10-03,C0739,76115,Branch-C,East,Card
TXN0740,2025-10-09,C0740,5464,Branch-C,East,Cash
TXN0741,2025-10-02,C0741,56370,Branch-C,East,Cash
TXN0742,2025-10-24,C0742,16914,Branch-B,North,Card
TXN0743,2025-10-27,C0743,65893,Branch-B,North,Card
TXN0744,2025-10-20,C0744,9351,Branch-A,South,Cash
TXN0745,2025-10-29,C0745,35492,Branch-A,South,Card
TXN0746,2025-10-13,C0746,92132,Branch-D,West,UPI
TXN0747,2025-10-31,C0747,70632,Branch-C,East,NetBanking
TXN0748,2025-10-18,C0748,98588,Branch-C,East,UPI
TXN0749,2025-10-13,C0749,55555,Branch-A,South,Card
TXN0750,2025-10-31,C0750,18566,Branch-D,West,UPI
TXN0751,2025-10-01,C0751,83081,Branch-B,North,Card
TXN0752,2025-10-26,C0752,34876,Branch-B,North,NetBanking
TXN0753,2025-10-12,C0753,16781,Branch-D,West,Cash
TXN0754,2025-10-15,C0754,82012,Branch-A,South,Cash
TXN0755,2025-10-18,C0755,50097,Branch-A,South,NetBanking
TXN0756,2025-10-23,C0756,13386,Branch-D,West,NetBanking
TXN0757,2025-10-08,C0757,19608,Branch-A,South,Cash
TXN0758,2025-10-13,C0758,36793,Branch-D,West,UPI
TXN0759,2025-10-13,C0759,13756,Branch-A,South,NetBanking
TXN0760,2025-10-13,C0760,70014,Branch-A,South,Card
TXN0761,2025-10-03,C0761,27098,Branch-C,East,Cash
TXN0762,2025-10-12,C0762,87389,Branch-A,South,Card
TXN0763,2025-10-05,C0763,28459,Branch-D,West,Card
TXN0764,2025-10-29,C0764,69980,Branch-B,North,NetBanking
TXN0765,2025-10-03,C0765,14647,Branch-B,North,NetBanking
TXN0766,2025-10-24,C0766,14832,Branch-D,West,Cash
TXN0767,2025-10-02,C0767,75005,Branch-C,East,UPI
TXN0768,2025-10-04,C0768,36594,Branch-A,South,Card
TXN0769,2025-10-27,C0769,41614,Branch-D,West,UPI
TXN0770,2025-10-01,C0770,32177,Branch-A,South,UPI
TXN0771,2025-10-25,C0771,18802,Branch-A,South,Cash
TXN0772,2025-10-31,C0772,3344,Branch-C,East,UPI
TXN0773,2025-10-02,C0773,65122,Branch-A,South,UPI
TXN0774,2025-10-30,C0774,37868,Branch-D,West,UPI
TXN0775,2025-10-15,C0775,47280,Branch-A,South,Card
TXN0776,2025-10-31,C0776,23792,Branch-D,West,NetBanking
TXN0777,2025-10-04,C0777,35467,Branch-B,North,Card
TXN0778,2025-10-08,C0778,13781,Branch-C,East,NetBanking
TXN0779,2025-10-16,C0779,51239,Branch-C,East,Card
TXN0780,2025-10-31,C0780,54055,Branch-C,East,NetBanking
TXN0781,2025-10-11,C0781,47629,Branch-B,North,Card
TXN0782,2025-10-19,C0782,96274,Branch-B,North,Card
TXN0783,2025-10-15,C0783,84103,Branch-A,South,UPI
TXN0784,2025-10-25,C0784,81819,Branch-D,West,NetBanking
TXN0785,2025-10-16,C0785,94297,Branch-A,South,UPI
TXN0786,2025-10-11,C0786,3756,Branch-D,West,NetBanking
TXN0787,2025-10-11,C0787,72176,Branch-C,East,NetBanking
TXN0788,2025-10-27,C0788,92642,Branch-C,East,UPI
TXN0789,2025-10-15,C0789,35086,Branch-D,West,Card
TXN0790,2025-10-04,C0790,35068,Branch-D,West,UPI
TXN0791,2025-10-21,C0791,66219,Branch-A,South,Cash
TXN0792,2025-10-14,C0792,54724,Branch-C,East,UPI
TXN0793,2025-10-09,C0793,81979,Branch-B,North,UPI
TXN0794,2025-10-27,C0794,59930,Branch-D,West,Cash
TXN0795,2025-10-29,C0795,50548,Branch-B,North,Cash
TXN0796,2025-10-30,C0796,54917,Branch-B,North,UPI
TXN0797,2025-10-06,C0797,48178,Branch-B,North,Card
TXN0798,2025-10-01,C0798,6513,Branch-D,West,Cash
TXN0799,2025-10-08,C0799,25097,Branch-A,South,Card
TXN0800,2025-10-17,C0800,31473,Branch-B,North,NetBanking
TXN0801,2025-10-16,C0801,86814,Branch-C,East,UPI
TXN0802,2025-10-29,C0802,53191,Branch-C,East,UPI
TXN0803,2025-10-19,C0803,95493,Branch-B,North,Card
TXN0804,2025-10-04,C0804,58044,Branch-C,East,Cash
TXN0805,2025-10-12,C0805,67257,Branch-B,North,Cash
TXN0806,2025-10-21,C0806,5144,Branch-C,East,NetBanking
TXN0807,2025-10-10,C0807,65689,Branch-B,North,NetBanking
TXN0808,2025-10-24,C0808,71279,Branch-A,South,Cash
TXN0809,2025-10-23,C0809,38807,Branch-D,West,Cash
TXN0810,2025-10-29,C0810,81630,Branch-D,West,UPI
TXN0811,2025-10-16,C0811,20675,Branch-D,West,UPI
TXN0812,2025-10-19,C0812,99083,Branch-C,East,Card
TXN0813,2025-10-31,C0813,9770,Branch-D,West,UPI
TXN0814,2025-10-25,C0814,75298,Branch-C,East,Card
TXN0815,2025-10-04,C0815,39853,Branch-A,South,UPI
TXN0816,2025-10-08,C0816,62771,Branch-C,East,NetBanking
TXN0817,2025-10-22,C0817,72219,Branch-C,East,NetBanking
TXN0818,2025-10-14,C0818,47655,Branch-A,South,Card
TXN0819,2025-10-03,C0819,63338,Branch-A,South,Card
TXN0820,2025-10-05,C0820,70500,Branch-C,East,NetBanking
TXN0821,2025-10-07,C0821,20116,Branch-C,East,UPI
TXN0822,2025-10-14,C0822,20235,Branch-D,West,Card
TXN0823,2025-10-05,C0823,92587,Branch-B,North,UPI
TXN0824,2025-10-24,C0824,27541,Branch-C,East,Cash
TXN0825,2025-10-26,C0825,77155,Branch-C,East,Cash
TXN0826,2025-10-28,C0826,31734,Branch-B,North,NetBanking
TXN0827,2025-10-10,C0827,29902,Branch-C,East,Card
TXN0828,2025-10-15,C0828,64289,Branch-B,North,UPI
TXN0829,2025-10-21,C0829,24193,Branch-C,East,NetBanking
TXN0830,2025-10-08,C0830,34910,Branch-A,South,UPI
TXN0831,2025-10-09,C0831,53849,Branch-D,West,Cash
TXN0832,2025-10-27,C0832,82402,Branch-B,North,Card
TXN0833,2025-10-16,C0833,28636,Branch-D,West,Card
TXN0834,2025-10-24,C0834,34154,Branch-B,North,NetBanking
TXN0835,2025-10-08,C0835,78076,Branch-A,South,Card
TXN0836,2025-10-05,C0836,32676,Branch-B,North,NetBanking
TXN0837,2025-10-06,C0837,65427,Branch-A,South,Cash
TXN0838,2025-10-04,C0838,78475,Branch-D,West,Card
TXN0839,2025-10-07,C0839,13640,Branch-A,South,Cash
TXN0840,2025-10-20,C0840,4481,Branch-A,South,Cash
TXN0841,2025-10-30,C0841,74067,Branch-B,North,Cash
TXN0842,2025-10-07,C0842,16308,Branch-A,South,Cash
TXN0843,2025-10-09,C0843,10438,Branch-C,East,UPI
TXN0844,2025-10-03,C0844,30029,Branch-C,East,Card
TXN0845,2025-10-22,C0845,18634,Branch-D,West,NetBanking
TXN0846,2025-10-30,C0846,4186,Branch-B,North,UPI
TXN0847,2025-10-14,C0847,98861,Branch-D,West,Card
TXN0848,2025-10-17,C0848,3729,Branch-D,West,UPI
TXN0849,2025-10-05,C0849,18358,Branch-D,West,UPI
TXN0850,2025-10-27,C0850,50993,Branch-B,North,Card
TXN0851,2025-10-17,C0851,34164,Branch-B,North,NetBanking
TXN0852,2025-10-16,C0852,50544,Branch-A,South,Cash
TXN0853,2025-10-09,C0853,63116,Branch-B,North,UPI
TXN0854,2025-10-02,C0854,46207,Branch-B,North,UPI
TXN0855,2025-10-01,C0855,7507,Branch-B,North,Card
TXN0856,2025-10-30,C0856,39233,Branch-C,East,Cash
TXN0857,2025-10-28,C0857,60845,Branch-A,South,Cash
TXN0858,2025-10-23,C0858,99070,Branch-C,East,Card
TXN0859,2025-10-14,C0859,91937,Branch-C,East,UPI
TXN0860,2025-10-22,C0860,80393,Branch-A,South,NetBanking
TXN0861,2025-10-28,C0861,54562,Branch-B,North,Card
TXN0862,2025-10-17,C0862,45436,Branch-A,South,NetBanking
TXN0863,2025-10-22,C0863,76528,Branch-B,North,Cash
TXN0864,2025-10-09,C0864,44852,Branch-B,North,Card
TXN0865,2025-10-17,C0865,94781,Branch-C,East,UPI
TXN0866,2025-10-19,C0866,50914,Branch-C,East,Cash
TXN0867,2025-10-03,C0867,79323,Branch-C,East,UPI
TXN0868,2025-10-14,C0868,88280,Branch-B,North,Card
TXN0869,2025-10-21,C0869,80158,Branch-D,West,Card
TXN0870,2025-10-23,C0870,81132,Branch-B,North,UPI
TXN0871,2025-10-24,C0871,88445,Branch-D,West,NetBanking
TXN0872,2025-10-19,C0872,71983,Branch-C,East,NetBanking
TXN0873,2025-10-22,C0873,39101,Branch-A,South,Cash
TXN0874,2025-10-29,C0874,23019,Branch-D,West,NetBanking
TXN0875,2025-10-13,C0875,23183,Branch-B,North,UPI
TXN0876,2025-10-06,C0876,7945,Branch-A,South,NetBanking
TXN0877,2025-10-24,C0877,3972,Branch-A,South,UPI
TXN0878,2025-10-26,C0878,25039,Branch-C,East,UPI
TXN0879,2025-10-07,C0879,47186,Branch-B,North,UPI
TXN0880,2025-10-09,C0880,49416,Branch-A,South,UPI
TXN0881,2025-10-03,C0881,64229,Branch-B,North,Cash
TXN0882,2025-10-20,C0882,70411,Branch-B,North,Card
TXN0883,2025-10-08,C0883,11296,Branch-A,South,Card
TXN0884,2025-10-23,C0884,68524,Branch-B,North,NetBanking
TXN0885,2025-10-25,C0885,62334,Branch-B,North,NetBanking
TXN0886,2025-10-23,C0886,77653,Branch-A,South,NetBanking
TXN0887,2025-10-20,C0887,57147,Branch-D,West,Card
TXN0888,2025-10-10,C0888,69403,Branch-D,West,Cash
TXN0889,2025-10-29,C0889,69865,Branch-C,East,NetBanking
TXN0890,2025-10-17,C0890,28352,Branch-D,West,Card
TXN0891,2025-10-29,C0891,59897,Branch-B,North,UPI
TXN0892,2025-10-01,C0892,58089,Branch-D,West,UPI
TXN0893,2025-10-29,C0893,72308,Branch-D,West,NetBanking
TXN0894,2025-10-25,C0894,22888,Branch-B,North,Card
TXN0895,2025-10-05,C0895,67338,Branch-C,East,Card
TXN0896,2025-10-07,C0896,88646,Branch-C,East,NetBanking
TXN0897,2025-10-25,C0897,54361,Branch-B,North,Cash
TXN0898,2025-10-09,C0898,98842,Branch-B,North,Cash
TXN0899,2025-10-25,C0899,48906,Branch-D,West,Card
TXN0900,2025-10-17,C0900,72311,Branch-A,South,Card
TXN0901,2025-10-18,C0901,80130,Branch-D,West,UPI
TXN0902,2025-10-08,C0902,58553,Branch-D,West,UPI
TXN0903,2025-10-03,C0903,28852,Branch-D,West,Card
TXN0904,2025-10-22,C0904,45667,Branch-B,North,NetBanking
TXN0905,2025-10-26,C0905,36286,Branch-B,North,NetBanking
TXN0906,2025-10-15,C0906,23798,Branch-A,South,Card
TXN0907,2025-10-08,C0907,80295,Branch-D,West,Cash
TXN0908,2025-10-20,C0908,45868,Branch-A,South,NetBanking
TXN0909,2025-10-02,C0909,43749,Branch-B,North,Card
TXN0910,2025-10-08,C0910,19815,Branch-C,East,UPI
TXN0911,2025-10-26,C0911,24977,Branch-D,West,UPI
TXN0912,2025-10-04,C0912,99109,Branch-B,North,UPI
TXN0913,2025-10-06,C0913,46288,Branch-C,East,Cash
TXN0914,2025-10-16,C0914,48158,Branch-C,East,NetBanking
TXN0915,2025-10-04,C0915,76693,Branch-C,East,UPI
TXN0916,2025-10-10,C0916,35791,Branch-D,West,Cash
TXN0917,2025-10-30,C0917,71178,Branch-C,East,NetBanking
TXN0918,2025-10-12,C0918,52260,Branch-B,North,Cash
TXN0919,2025-10-19,C0919,16513,Branch-A,South,NetBanking
TXN0920,2025-10-04,C0920,55490,Branch-A,South,NetBanking
TXN0921,2025-10-16,C0921,63173,Branch-C,East,Card
TXN0922,2025-10-22,C0922,72497,Branch-B,North,NetBanking
TXN0923,2025-10-04,C0923,85763,Branch-A,South,NetBanking
TXN0924,2025-10-03,C0924,47451,Branch-A,South,NetBanking
TXN0925,2025-10-13,C0925,66611,Branch-A,South,NetBanking
TXN0926,2025-10-20,C0926,84708,Branch-C,East,Card
TXN0927,2025-10-02,C0927,7404,Branch-D,West,Cash
TXN0928,2025-10-25,C0928,18389,Branch-C,East,Card
TXN0929,2025-10-06,C0929,4426,Branch-D,West,Cash
TXN0930,2025-10-05,C0930,23972,Branch-B,North,Cash
TXN0931,2025-10-08,C0931,8263,Branch-B,North,UPI
TXN0932,2025-10-03,C0932,37241,Branch-C,East,Card
TXN0933,2025-10-29,C0933,49669,Branch-D,West,NetBanking
TXN0934,2025-10-12,C0934,25379,Branch-D,West,UPI
TXN0935,2025-10-23,C0935,76508,Branch-C,East,NetBanking
TXN0936,2025-10-19,C0936,11275,Branch-C,East,Card
TXN0937,2025-10-12,C0937,16936,Branch-D,West,NetBanking
TXN0938,2025-10-24,C0938,8144,Branch-A,South,NetBanking
TXN0939,2025-10-13,C0939,22046,Branch-C,East,Card
TXN0940,2025-10-04,C0940,11914,Branch-D,West,Cash
TXN0941,2025-10-21,C0941,95537,Branch-D,West,UPI
TXN0942,2025-10-27,C0942,51855,Branch-D,West,Cash
TXN0943,2025-10-04,C0943,7206,Branch-C,East,Cash
TXN0944,2025-10-28,C0944,87715,Branch-A,South,Card
TXN0945,2025-10-30,C0945,61899,Branch-B,North,Card
TXN0946,2025-10-29,C0946,36357,Branch-A,South,Card
TXN0947,2025-10-13,C0947,52391,Branch-A,South,Cash
TXN0948,2025-10-23,C0948,4815,Branch-A,South,NetBanking
TXN0949,2025-10-24,C0949,58737,Branch-C,East,NetBanking
TXN0950,2025-10-03,C0950,6661,Branch-A,South,UPI
TXN0951,2025-10-06,C0951,23089,Branch-A,South,NetBanking
TXN0952,2025-10-26,C0952,91633,Branch-D,West,Cash
TXN0953,2025-10-18,C0953,16437,Branch-B,North,Cash
TXN0954,2025-10-30,C0954,60340,Branch-D,West,Cash
TXN0955,2025-10-19,C0955,46902,Branch-D,West,NetBanking
TXN0956,2025-10-27,C0956,3281,Branch-D,West,Card
TXN0957,2025-10-25,C0957,91767,Branch-A,South,NetBanking
TXN0958,2025-10-21,C0958,61845,Branch-D,West,Cash
TXN0959,2025-10-19,C0959,10338,Branch-B,North,Cash
TXN0960,2025-10-15,C0960,35228,Branch-B,North,UPI
TXN0961,2025-10-10,C0961,9014,Branch-A,South,Card
TXN0962,2025-10-01,C0962,39005,Branch-B,North,UPI
TXN0963,2025-10-30,C0963,83451,Branch-B,North,UPI
TXN0964,2025-10-20,C0964,7645,Branch-C,East,Card
TXN0965,2025-10-13,C0965,25229,Branch-C,East,NetBanking
TXN0966,2025-10-02,C0966,47429,Branch-B,North,NetBanking
TXN0967,2025-10-24,C0967,25904,Branch-A,South,Cash
TXN0968,2025-10-16,C0968,49331,Branch-B,North,Cash
TXN0969,2025-10-10,C0969,83924,Branch-A,South,NetBanking
TXN0970,2025-10-16,C0970,50275,Branch-C,East,Card
TXN0971,2025-10-31,C0971,62122,Branch-C,East,NetBanking
TXN0972,2025-10-28,C0972,70723,Branch-D,West,NetBanking
TXN0973,2025-10-31,C0973,90360,Branch-B,North,UPI
TXN0974,2025-10-12,C0974,81865,Branch-B,North,UPI
TXN0975,2025-10-14,C0975,9397,Branch-B,North,Cash
TXN0976,2025-10-18,C0976,95935,Branch-A,South,Cash
TXN0977,2025-10-15,C0977,82726,Branch-B,North,Card
TXN0978,2025-10-29,C0978,75044,Branch-C,East,NetBanking
TXN0979,2025-10-03,C0979,74330,Branch-A,South,Cash
TXN0980,2025-10-03,C0980,71041,Branch-B,North,Cash
TXN0981,2025-10-24,C0981,98074,Branch-A,South,Card
TXN0982,2025-10-18,C0982,80270,Branch-A,South,UPI
TXN0983,2025-10-22,C0983,6316,Branch-B,North,NetBanking
TXN0984,2025-10-24,C0984,71529,Branch-B,North,UPI
TXN0985,2025-10-18,C0985,20170,Branch-B,North,UPI
TXN0986,2025-10-31,C0986,35790,Branch-D,West,NetBanking
TXN0987,2025-10-28,C0987,84287,Branch-C,East,NetBanking
TXN0988,2025-10-30,C0988,44873,Branch-A,South,Cash
TXN0989,2025-10-27,C0989,23860,Branch-D,West,Cash
TXN0990,2025-10-22,C0990,70302,Branch-D,West,Cash
TXN0991,2025-10-05,C0991,53299,Branch-C,East,NetBanking
TXN0992,2025-10-02,C0992,70373,Branch-B,North,Card
TXN0993,2025-10-02,C0993,43262,Branch-B,North,Card
TXN0994,2025-10-11,C0994,82062,Branch-B,North,UPI
TXN0995,2025-10-18,C0995,42179,Branch-A,South,NetBanking
TXN0996,2025-10-27,C0996,71199,Branch-C,East,Cash
TXN0997,2025-10-07,C0997,71858,Branch-B,North,Cash
TXN0998,2025-10-02,C0998,77623,Branch-A,South,Card
TXN0999,2025-10-02,C0999,9448,Branch-A,South,Cash
TXN1000,2025-10-14,C1000,36200,Branch-B,North,UPI
